MSE,Width,Coverage%,Robust W,Robust Cov%,model
1.118932694196701,0.40355006357034046,7.142857213815053,3.228340665499369,90.47618905703227,embeddingRBF
1.1913557350635529,0.4853562613328298,11.666666467984518,3.2589498360951743,94.16666825612386,embeddingRBF
0.6228018502394358,0.5460347235202789,21.33333384990692,2.597829818725586,99.33333396911621,embeddingRBF
