MSE,Width,Coverage%,Robust W,Robust Cov%,model
19394.849267959595,1.6758462116122246,0.4761904788513978,244.5481777191162,67.61904855569203,ICM
1674.095929702123,2.6836366802453995,22.888888015101355,48.160654385884605,66.66666766007741,ICM
12688486.948608398,5.5936555544224875,0.6666666517655054,527.4874687194824,23.466666042804718,ICM
