MSE,Width,Coverage%,Robust W,Robust Cov%,model
0.5514237185319265,2.2762024799982705,64.76190586884816,2.4308406511942544,65.71428676446278,dklICM
285945113.6666667,1.442702054977417,0.0,42457.256510416664,73.74999920527141,dklICM
1.2038650115331013,1.511497676372528,49.333333472410835,3.515204429626465,92.66666571299235,dklICM
