MSE,Width,Coverage%,Robust W,Robust Cov%,model
0.8655180310209593,3.7303117911020913,100.0,4.469191869099935,100.0,proposed
0.447765354377528,2.9377406438191733,100.0,3.190153956413269,100.0,proposed
0.4348610760644078,2.3146857420603433,100.0,2.764968673388163,100.0,proposed
